detected_on,domain,url,title,keyword_keybert
2026-05-22,123-sommeil.com/,https://www.123-sommeil.com/fatigue-mentale-et-sommeil-comment-retrouver-un-meilleur-equilibre-naturellement,Fatigue mentale et sommeil : comment retrouver un meilleur équilibre naturellement - 123 Sommeil,fatigue mentale sommeil
2026-05-22,choisirsonmatelas.fr/,https://choisirsonmatelas.fr/ecrans-soir-sommeil,Écrans le soir : pourquoi ils sabotent votre sommeil (et comment s'en débarrasser),écrans soir
2026-05-22,matelas-experience.com/,https://www.matelas-experience.com/nettoyage-de-matelas-ce-qui-fonctionne-vraiment-et-ce-qui-aggrave-les-degats,Nettoyage de matelas : ce qui fonctionne vraiment et ce qui aggrave les dégâts,nettoyage matelas
2026-05-22,positivia.fr/,https://positivia.fr/explorez-lunivers-erotique-qui-correspond-a-vos-desirs,Explorez l'univers érotique qui correspond à vos désirs - Positivia.fr,explorez univers érotique
2026-05-22,www.garancedore.fr/,https://www.garancedore.fr/les-tendances-ongles-de-mariage-2026,Les tendances ongles de mariage 2026 - Garan Cedore Magazine,tendances ongles mariage
2026-05-23,monrituelsommeil.fr/,https://monrituelsommeil.fr/00h00-signification-heure-miroir,00h00 heure miroir : signification de minuit et message,00h00 heure miroir
2026-05-23,www.garancedore.fr/,https://www.garancedore.fr/la-commode-ce-meuble-qui-change-tout-dans-une-piece,"La commode, ce meuble qui change tout dans une pièce - Garan Cedore Magazine",commode meuble qui
2026-05-23,www.maubl.com/,https://www.maubl.com/porte-de-garage-sectionnelle-comment-bien-la-choisir,Porte de garage sectionnelle : comment bien la choisir ? - Maubl,porte garage sectionnelle
2026-05-24,bienetreetconfort.com/,https://bienetreetconfort.com/deshumidificateur-buanderie,Deshumidificateur buanderie : sécher le linge plus vite,deshumidificateur buanderie
2026-05-25,choisirsonmatelas.fr/,https://choisirsonmatelas.fr/matelas-hotels,Pourquoi les matelas d'hôtel sont toujours aussi mous (et ce que ça dit sur votre sommeil),pourquoi matelas hôtel
2026-05-25,matelas-experience.com/,https://www.matelas-experience.com/budget-matelas-300-600-ou-1-200-euros-le-prix-dit-il-vraiment-quelque-chose,"Budget matelas : 300, 600 ou 1 200 euros, le prix dit-il vraiment quelque chose ?",budget matelas
2026-05-26,bienetreetconfort.com/,https://bienetreetconfort.com/meilleur-ventilateur-plafond,Meilleur ventilateur plafond : comparatif 2026,meilleur ventilateur plafond
2026-05-26,bienetreetconfort.com/,https://bienetreetconfort.com/tag/ventilation-et-rafraichissement,Archives des ventilation et rafraichissement - Bien-être & Confort,archives ventilation rafraichissement
2026-05-26,le-temple-du-sommeil.fr/,https://le-temple-du-sommeil.fr/blogs/blog/insomnie-cinq-astuces-pour-retrouver-un-sommeil-profond,Insomnie : Cinq astuces pour retrouver un sommeil profond ! – Le Temple Du Sommeil,insomnie
2026-05-26,monrituelsommeil.fr/,https://monrituelsommeil.fr/nuubu-avis,"Nuubu avis : j’ai testé les patchs détox 3 semaines, voici la vraie histoire - MON RITUEL SOMMEIL",nuubu avis
2026-05-27,matelas-experience.com/,https://www.matelas-experience.com/grande-enquete-2025-sur-les-matelas,Grande Enquête 2025 sur les matelas - Matelas Experience,enquête 2025 matelas
2026-05-27,matelas-experience.com/,https://www.matelas-experience.com/legals,Mentions légales - Matelas Experience,mentions légales
2026-05-27,matelas-experience.com/,https://www.matelas-experience.com/matelas-pour-personnes-fortes-densite-epaisseur-et-soutien-les-vrais-reperes,"Matelas pour personnes fortes : densité, épaisseur et soutien, les vrais repères",matelas personnes fortes
2026-05-27,matelas-experience.com/,https://www.matelas-experience.com/privacy,Politique de confidentialité - Matelas Experience,politique confidentialité
2026-05-27,matelas-experience.com/,https://www.matelas-experience.com/produits-services/draps-et-accessoires/traversins/traversins-en-plumes,Draps et accessoires : Traversins : Traversins en plumes - Matelas Experience,draps accessoires
2026-05-27,matelas-experience.com/,https://www.matelas-experience.com/produits-services/lits/types-de-lits/lits-electriques-de-relaxation,Lits : Types de lits : Lits électriques de relaxation - Matelas Experience,lits
2026-05-27,matelas-experience.com/,https://www.matelas-experience.com/produits-services/matelas/sommier/sommier-a-plots,Matelas : Sommier : Sommier à plots - Matelas Experience,matelas
2026-05-27,matelas-experience.com/,https://www.matelas-experience.com/produits-services/matelas/surmatelas/surmatelas-rafraichissant,Matelas : Surmatelas : Surmatelas rafraîchissant - Matelas Experience,matelas
2026-05-27,matelas-experience.com/,https://www.matelas-experience.com/produits-services/tete-de-lit/tetes-de-lit/tete-de-lit-avec-rangement,Tête de lit : Têtes de lit : Tête de lit avec rangement - Matelas Experience,tête lit
2026-05-27,matelas-experience.com/,https://www.matelas-experience.com/showroom/adamson-1/produits-services,Adamson : Produits & services - Matelas Experience,adamson
2026-05-27,matelas-experience.com/,https://www.matelas-experience.com/showroom/adamson-1/produits-services/b10-refroidisseur-lit-twin-190x100-cm-surmatelas-rafraichissant-100-coton-matelas-climatise-ideal-contre-les-sueurs-nocturnes-pour-les-dormeurs-chauds-garantie-5-ans-noir-de-minuit,Adamson : B10 Refroidisseur Lit Twin 190x100 CM - Surmatelas Rafraichissant 100% Coton - Matelas Climatisé Idéal Contre Les Sueurs Nocturnes - Pour Les Dormeurs Chauds - Garantie 5 Ans - Noir de Minuit - Matelas Experience,adamson
2026-05-27,matelas-experience.com/,https://www.matelas-experience.com/showroom/am-qualitatsmatratzen/produits-services/matelas-a-ressorts-ensaches-100x220-avec-1000-ressorts-et-7-zones-de-confort-soutien-et-adaptabilite-parfaits-matelas-100-x-220-cm-24-cm-epaisseur-matelas-orthopedique-100220-equilibre-equilibre-a-partir-de-80-kg-100-x-220-cm,AM Qualitätsmatratzen : Matelas à ressorts ensachés 100x220 avec 1000 ressorts et 7 zones de confort - Soutien et adaptabilité parfaits - Matelas 100 x 220 cm 24 cm epaisseur - Matelas orthopédique 100/220 – équilibré Équilibré - à partir de 80 kg 100 x 220 cm - Matelas Experience,am qualitätsmatratzen
2026-05-27,matelas-experience.com/,https://www.matelas-experience.com/showroom/autsel/produits-services/surmatelas-160x190-en-mousse-a-memoire-de-forme-et-gel-rafraichissant-sur-matelas-2-personnes-avec-housse-amovible-epaisseur-10-cm-et-lavable-en-machine-ergonomique-hypoallergenique-160190-100-centimetres,"Autsel : Surmatelas 160x190, en Mousse à Mémoire de Forme et Gel Rafraîchissant, sur Matelas 2 Personnes avec Housse Amovible, Épaisseur 10 cm et Lavable en Machine – Ergonomique, Hypoallergénique 160*190 10.0 Centimètres - Matelas Experience",autsel
2026-05-27,matelas-experience.com/,https://www.matelas-experience.com/showroom/bedstory/produits-services/surmatelas-180-x-200-a-memoire-de-forme-75cm-bambou-eliminant-odeurs-et-acariens-housse-amovible-et-lavable-rafraichissant-respirant-et-moelleux-18020075-cm,"BedStory : Surmatelas 180 x 200 à Mémoire de Forme 7,5cm, Bambou Éliminant Odeurs et Acariens, Housse Amovible et Lavable, Rafraichissant, Respirant et Moelleux 180×200×7.5 cm - Matelas Experience",bedstory
2026-05-27,matelas-experience.com/,https://www.matelas-experience.com/showroom/bellecour/produits-services/literie-sommier-a-lattes-en-bois-avec-pieds-capitole-90x190-cm-hauteur-30-cm-cadre-de-lit-robuste-gris-clair-montage-facile-90-x-190-cm-gris,BELLECOUR : LITERIE - Sommier à Lattes en Bois avec Pieds CAPITOLE 90x190 cm Hauteur 30 cm - Cadre de lit Robuste Gris Clair - Montage Facile 90 x 190 cm Gris - Matelas Experience,bellecour
2026-05-27,matelas-experience.com/,https://www.matelas-experience.com/showroom/brinlawb/produits-services/lit-flottant-90190-cm-avec-multiprise-2-prises-1-usb-a-1-usb-c-et-eclairage-led-cadre-de-lit-90x190-avec-sommier-et-tete-de-lit-rembourree-solide-et-stable-lit-1-personne-lin-gris-gris-90x190cm,"Brinlawb : Lit Flottant 90×190 cm avec Multiprise (2 Prises, 1 USB-A, 1 USB-C) et Éclairage LED, Cadre de Lit 90x190 avec Sommier et Tête de Lit Rembourrée, Solide et Stable Lit 1 Personne, Lin Gris Gris 90x190cm - Matelas Experience",brinlawb
2026-05-27,matelas-experience.com/,https://www.matelas-experience.com/showroom/climsom/produits-services,Climsom : Produits & services - Matelas Experience,climsom
2026-05-27,matelas-experience.com/,https://www.matelas-experience.com/showroom/climsom/produits-services/surmatelas-rafraichissant-chauffant-70x190cm-etude-clinique-pr-leger-18-a-48c-jambes-lourdes-bouffees-chaleur-sommeil-zero-electricite-dans-le-lit-1-personne-70-x-190-x-15-cm,"Climsom : Surmatelas Rafraîchissant & Chauffant 70x190cm – Étude Clinique Pr Léger – 18 à 48°C – Jambes Lourdes, Bouffées Chaleur, Sommeil – Zéro Électricité dans Le Lit – 1 Personne 70 x 190 x 1.5 cm - Matelas Experience",climsom
2026-05-27,matelas-experience.com/,https://www.matelas-experience.com/showroom/cosyworld/produits-services/cosy2go-sommier-a-lattes-120x200-cm-reglable-electriquement-cosy2go-2m-adapte-a-chaque-lit-egalement-a-tous-les-sommier-tapissier-120x200-cm-ultra-plat-pliable-adapte-a-tous-les-matelas,"COSYWORLD : COSY2GO Sommier à Lattes 120x200 cm réglable électriquement - Cosy2Go 2M - adapté à Chaque lit - également à Tous Les sommier tapissier - 120x200 cm - Ultra-Plat, Pliable, adapté à Tous Les Matelas - Matelas Experience",cosyworld
2026-05-27,matelas-experience.com/,https://www.matelas-experience.com/showroom/dunlopillo/produits-services,Dunlopillo : Produits & services - Matelas Experience,dunlopillo
2026-05-27,matelas-experience.com/,https://www.matelas-experience.com/showroom/dunlopillo/produits-services/traversin-plume-leternel-ferme-blanc-140-cm,Dunlopillo : Traversin Plume l'Eternel - Ferme Blanc 140 cm - Matelas Experience,dunlopillo
2026-05-27,matelas-experience.com/,https://www.matelas-experience.com/showroom/festnight/produits-services,Festnight : Produits & services - Matelas Experience,festnight
2026-05-27,matelas-experience.com/,https://www.matelas-experience.com/showroom/festnight/produits-services/tete-de-lit-100-cm-tete-de-lit-avec-rangement-tetes-de-lit-pour-adulte-armoire-de-tete-de-lit-murale-meuble-de-chambre-a-coucher-avec-rangement-chene-sonoma-100x185x1045-cm-chene-sonoma-100x185x1045-cm,"Festnight : Tete de lit 100 cm Tête de lit avec Rangement Têtes de lit pour Adulte Armoire de Tête de Lit Murale Meuble de Chambre à Coucher avec Rangement-Chêne sonoma-100x18,5x104,5 cm Chêne Sonoma 100x18,5x104,5 cm - Matelas Experience",festnight
2026-05-27,matelas-experience.com/,https://www.matelas-experience.com/showroom/festnight/produits-services/tete-de-lit-avec-rangement-tete-de-lit-160-cm-tetes-de-lit-pour-adulte-chene-sonoma-160x19x1035-cm-chene-sonoma-160x19x1035-cm,"Festnight : Tête de lit avec Rangement Tete de lit 160 cm Têtes de lit pour Adulte-Chêne sonoma-160x19x103,5 cm Chêne Sonoma 160x19x103,5 cm - Matelas Experience",festnight
2026-05-27,matelas-experience.com/,https://www.matelas-experience.com/showroom/homescapes/produits-services/traversin-naturel-en-plumes-de-canard-coussin-de-grossesse-oreiller-de-corps-145x40-cm-avec-taie-de-traversin-en-100-coton,"HOMESCAPES : Traversin Naturel en Plumes de Canard, Coussin de Grossesse, Oreiller de Corps 145x40 cm avec taie de traversin en 100% Coton - Matelas Experience",homescapes
2026-05-27,matelas-experience.com/,https://www.matelas-experience.com/showroom/ikayaa/produits-services,IKAYAA : Produits & services - Matelas Experience,ikayaa
2026-05-27,matelas-experience.com/,https://www.matelas-experience.com/showroom/ikayaa/produits-services/tete-de-lit-200-avec-rangement-tetes-de-lit-pour-adulte-meuble-de-chambre-a-coucher-accessoire-de-lit-interieur-chene-sonoma-200x19x1035-cm-chene-sonoma-200x19x1035-cm,"IKAYAA : Tête de lit 200 avec Rangement Têtes de lit pour Adulte Meuble de Chambre à Coucher Accessoire de Lit Intérieur -Chêne sonoma-200x19x103,5 cm Chêne Sonoma 200x19x103,5 cm - Matelas Experience",ikayaa
2026-05-27,matelas-experience.com/,https://www.matelas-experience.com/showroom/someo/produits-services,Someo : Produits & services - Matelas Experience,someo
2026-05-27,matelas-experience.com/,https://www.matelas-experience.com/showroom/someo/produits-services/sommier-electrique-de-relaxation-lattes-plots-tissu-anthracite-90x200-anthracite-l200cm-x-l90cm,Someo : Sommier électrique de Relaxation Lattes + plots Tissu Anthracite 90x200 Anthracite L200cm x l90cm - Matelas Experience,someo
2026-05-27,matelas-experience.com/,https://www.matelas-experience.com/showroom/vidaxl/produits-services/tete-de-lit-de-rangement-blanc-2075-x-1375-x-765-cm-mobilier-de-chambre-tete-de-lit-rectangulaire-solutions-de-rangement-design-compact-et-pratique-style-minimaliste,"vidaXL : Tête de lit de Rangement Blanc 207,5 x 137,5 x 76,5 cm, Mobilier de Chambre, tête de lit rectangulaire, Solutions de Rangement, Design Compact et Pratique, Style Minimaliste - Matelas Experience",vidaxl
2026-05-27,matelas-experience.com/,https://www.matelas-experience.com/test-b10-refroidisseur-lit-twin-190x100-cm-surmatelas-rafraichissant-100-coton-matelas-climatise-ideal-contre-les-sueurs-nocturnes-pour-les-dormeurs-chauds-garantie-5-ans-noir-de-minuit,Test Adamson B10 Refroidisseur Lit Twin : le surmatelas qui calme (un peu) les nuits de four,test adamson b10
2026-05-27,matelas-experience.com/,https://www.matelas-experience.com/test-cosy2go-sommier-a-lattes-120x200-cm-reglable-electriquement-cosy2go-2m-adapte-a-chaque-lit-egalement-a-tous-les-sommier-tapissier-120x200-cm-ultra-plat-pliable-adapte-a-tous-les-matelas,,
2026-05-27,matelas-experience.com/,https://www.matelas-experience.com/test-homn-living-sommier-tapissier-aura-160x200-cm-beige-hauteur-30-cm-160-x-200-cm-beige,,
2026-05-27,matelas-experience.com/,https://www.matelas-experience.com/test-ikayaa-tete-de-lit-160-tete-de-lit-avec-rangement-160-tetes-de-lit-pour-adulte-tete-de-lit-160-bois-rangement-supplementaire-design-contemporain-sonoma-gris-2-160x185x1045-cm,"Test IKAYAA tête de lit 160 : du rangement pas cher, mais faut pas être maniaque",test ikayaa tête
2026-05-27,matelas-experience.com/,https://www.matelas-experience.com/test-lit-flottant-90190-cm-avec-multiprise-2-prises-1-usb-a-1-usb-c-et-eclairage-led-cadre-de-lit-90x190-avec-sommier-et-tete-de-lit-rembourree-solide-et-stable-lit-1-personne-lin-gris-gris-9,,
2026-05-27,matelas-experience.com/,https://www.matelas-experience.com/test-literie-sommier-a-lattes-en-bois-avec-pieds-capitole-90x190-cm-hauteur-30-cm-cadre-de-lit-robuste-gris-clair-montage-facile-90-x-190-cm-gris,"Test BELLECOUR Sommier Capitole 90x190 : un cadre de lit correct, mais pas sans défauts",sommier capitole 90x190
2026-05-27,matelas-experience.com/,https://www.matelas-experience.com/test-long-coussin-en-coton-et-lin-de-couleur-unie-traversin-en-plumes-de-coton-lavable-et-durable-pour-la-maison-le-lit-le-canape-les-pieds-repose-pieds-4-20-x-78-cm-4-2078cm,Test long coussin coton-lin 20x78 cm : le traversin basique qui fait le job sur le lit ou le canapé,long coussin coton
2026-05-27,matelas-experience.com/,https://www.matelas-experience.com/test-matelas-a-ressorts-ensaches-100x220-avec-1000-ressorts-et-7-zones-de-confort-soutien-et-adaptabilite-parfaits-matelas-100-x-220-cm-24-cm-epaisseur-matelas-orthopedique-100220-equilibre-e,,
2026-05-27,matelas-experience.com/,https://www.matelas-experience.com/test-natgreen-sommier-relaxation-electrique-plots-relax-80x200,,
2026-05-27,matelas-experience.com/,https://www.matelas-experience.com/test-premium-protege-matelas-regulateur-climatique-effet-rafraichissant-sommeil-optimal-tampon-de-voyage-ideal-pour-les-nuits-chaudes-protege-matelas-contre-la-transpiration-100x210,,
2026-05-27,matelas-experience.com/,https://www.matelas-experience.com/test-sommier-electrique-de-relaxation-lattes-plots-tissu-anthracite-90x200-anthracite-l200cm-x-l90cm,,
2026-05-27,matelas-experience.com/,https://www.matelas-experience.com/test-sommier-extensible-sommier-modulable-1-a-2-places-84-156-cm-27-lattes-multiplis-lit-gain-de-place-compact-ideal-studio-et-lit-dappoint,,
2026-05-27,matelas-experience.com/,https://www.matelas-experience.com/test-surmatelas-160x190-en-mousse-a-memoire-de-forme-et-gel-rafraichissant-sur-matelas-2-personnes-avec-housse-amovible-epaisseur-10-cm-et-lavable-en-machine-ergonomique-hypoallergenique-1601,,
2026-05-27,matelas-experience.com/,https://www.matelas-experience.com/test-surmatelas-180-x-200-a-memoire-de-forme-75cm-bambou-eliminant-odeurs-et-acariens-housse-amovible-et-lavable-rafraichissant-respirant-et-moelleux-18020075-cm,,
2026-05-27,matelas-experience.com/,https://www.matelas-experience.com/test-surmatelas-rafraichissant-chauffant-70x190cm-etude-clinique-pr-leger-18-a-48c-jambes-lourdes-bouffees-chaleur-sommeil-zero-electricite-dans-le-lit-1-personne-70-x-190-x-15-cm,,
2026-05-27,matelas-experience.com/,https://www.matelas-experience.com/test-tete-de-lit-100-cm-tete-de-lit-avec-rangement-tetes-de-lit-pour-adulte-armoire-de-tete-de-lit-murale-meuble-de-chambre-a-coucher-avec-rangement-chene-sonoma-100x185x1045-cm-chene-sonoma-,"Test Festnight Tête de lit 100 cm : du rangement malin, mais un montage qui peut vite saouler",lit 100 cm
2026-05-27,matelas-experience.com/,https://www.matelas-experience.com/test-tete-de-lit-200-avec-rangement-tetes-de-lit-pour-adulte-meuble-de-chambre-a-coucher-accessoire-de-lit-interieur-chene-sonoma-200x19x1035-cm-chene-sonoma-200x19x1035-cm,"Test IKAYAA Tête de lit 200 cm : du rangement pas cher, mais faut aimer le montage",test ikayaa tête
2026-05-27,matelas-experience.com/,https://www.matelas-experience.com/test-tete-de-lit-avec-rangement-tete-de-lit-160-cm-tetes-de-lit-pour-adulte-chene-sonoma-160x19x1035-cm-chene-sonoma-160x19x1035-cm,Test Festnight Tête de lit 160 cm avec rangements : pratique mais clairement pas premium,160 cm rangements
2026-05-27,matelas-experience.com/,https://www.matelas-experience.com/test-tete-de-lit-de-rangement-blanc-2075-x-1375-x-765-cm-mobilier-de-chambre-tete-de-lit-rectangulaire-solutions-de-rangement-design-compact-et-pratique-style-minimaliste,Test vidaXL Tête de lit de Rangement : du stockage autour du lit sans se ruiner,test vidaxl tête
2026-05-27,matelas-experience.com/,https://www.matelas-experience.com/test-traversin-naturel-en-plumes-de-canard-coussin-de-grossesse-oreiller-de-corps-145x40-cm-avec-taie-de-traversin-en-100-coton,Test HOMESCAPES Traversin Plumes 145x40 : le gros coussin de corps qui fait (à moitié) le job,homescapes traversin plumes
2026-05-27,matelas-experience.com/,https://www.matelas-experience.com/test-traversin-plume-leternel-ferme-blanc-140-cm,Test Dunlopillo Traversin Plume l'Eternel 140 cm : un gros boudin ferme qui tient bien la route,dunlopillo traversin plume
2026-05-27,matelas-experience.com/,https://www.matelas-experience.com/top-lits-electriques-de-relaxation,Quel lits électriques de relaxation choisir ? Top 3 (mai 2026),électriques relaxation choisir
2026-05-27,www.celyatis.com/,http://www.celyatis.com/blog/metier-sante/comment-bien-choisir-sa-complementaire-sante-sans-se-tromper.html,Comment bien choisir sa complémentaire santé sans se tromper - Blog santé,complémentaire santé sans
2026-05-27,www.garancedore.fr/,https://www.garancedore.fr/guide-de-la-routine-skincare-coreenne,Guide de la routine skincare coréenne - Garan Cedore Magazine,routine skincare coréenne
2026-05-28,bienetreetconfort.com/,https://bienetreetconfort.com/rafraichir-une-piece-avec-un-ventilateur,Rafraîchir une pièce avec un ventilateur : méthodes efficaces,rafraîchir pièce ventilateur
2026-05-28,www.celyatis.com/,http://www.celyatis.com/blog/soulager-guerir/cancer-du-pancreas-comprendre-la-maladie-pour-mieux-la-detecter.html,Cancer du pancréas : comprendre la maladie pour mieux la détecter - Blog santé,cancer pancréas
2026-05-28,www.celyatis.com/,http://www.celyatis.com/blog/soulager-guerir/hypnose-en-ligne-une-alternative-douce-et-accessible-pour-transformer-son-quotidien.html,Hypnose en ligne : une alternative douce et accessible pour transformer son quotidien - Blog santé,hypnose ligne
2026-05-29,matelas-experience.com/,https://www.matelas-experience.com/dormir-enceinte-adapter-sa-literie-trimestre-par-trimestre,Dormir enceinte : adapter sa literie trimestre par trimestre,dormir enceinte
2026-05-29,monrituelsommeil.fr/,https://monrituelsommeil.fr/wellamoon-avis,Wellamoon avis : test du patch sommeil naturel (2026),wellamoon avis
2026-05-30,matelas-experience.com/,https://www.matelas-experience.com/top-sommier-a-plots,Top 5 des meilleurs sommier à plots (mai 2026),plots mai 2026
2026-05-30,selectionmaison.fr/,https://selectionmaison.fr/renover-sa-salle-de-bain-sans-casser-le-carrelage-grace-au-panneau-mural,Rénover sa salle de bain sans casser le carrelage grâce au panneau mural – SELECTION MAISON,panneau mural
2026-05-31,bienetreetconfort.com/,https://bienetreetconfort.com/surmatelas-emma,"Surmatelas Emma Premium avis : confort, chaleur et prix",surmatelas emma premium
2026-05-31,bienetreetconfort.com/,https://bienetreetconfort.com/tag/ventilation-et-rafraichissment,Archives des Ventilation et rafraichissment - Bien-être & Confort,archives ventilation rafraichissment
2026-05-31,monrituelsommeil.fr/,https://monrituelsommeil.fr/derila-ergo-avis,Derila ERGO : mon avis après 30 nuits (et la question que tout le monde se pose) - MON RITUEL SOMMEIL,derila ergo
2026-05-31,positivia.fr/,https://positivia.fr/choisir-la-tenue-professionnelle-ideale-en-fonction-de-son-metier,Choisir la tenue professionnelle idéale en fonction de son métier - Positivia.fr,tenue professionnelle idéale
2026-05-31,positivia.fr/,https://positivia.fr/tag/choisir-sa-tenue,Archives des choisir sa tenue - Positivia.fr,choisir sa tenue
2026-05-31,positivia.fr/,https://positivia.fr/tag/conseils-vestimentaires,Archives des conseils vestimentaires - Positivia.fr,archives conseils vestimentaires
2026-05-31,positivia.fr/,https://positivia.fr/tag/mode-au-travail,Archives des mode au travail - Positivia.fr,archives mode travail
2026-05-31,positivia.fr/,https://positivia.fr/tag/style-professionnel,Archives des style professionnel - Positivia.fr,archives style professionnel
2026-05-31,positivia.fr/,https://positivia.fr/tag/tenue-professionnelle,Archives des tenue professionnelle - Positivia.fr,archives tenue professionnelle
2026-06-01,matelas-experience.com/,https://www.matelas-experience.com/matelas-reconditionnes-bonne-affaire-ou-faux-bon-plan-pour-votre-dos,Matelas reconditionnés : bonne affaire ou faux bon plan pour votre dos ?,matelas reconditionnés
2026-06-01,monrituelsommeil.fr/,https://monrituelsommeil.fr/proteochoc-effets-secondaires,Proteochoc effets secondaires : liste complète et conseils,proteochoc effets secondaires
2026-06-01,www.celyatis.com/,http://www.celyatis.com/blog/bien-etre/ceinture-coussin-galette-quel-produit-femme-enceinte-choisir-selon-son-trimestre.html,"Ceinture, coussin, galette... : quel produit femme enceinte choisir selon son trimestre ? - Blog santé",ceinture coussin galette
2026-06-01,www.celyatis.com/,http://www.celyatis.com/blog/metier-sante/comment-ameliorer-la-qualite-de-vie-des-personnes-agees-a-domicile-bien-etre-autonomie-et-aides-techniques-essentielles.html,"Comment améliorer la qualité de vie des personnes âgées à domicile : bien-être, autonomie et aides techniques essentielles - Blog santé",personnes âgées domicile
2026-06-01,www.garancedore.fr/,https://www.garancedore.fr/une-case-en-plus-blog-avis-test,Une Case en Plus : le blog qui teste vraiment ce qu'il recommande - Garan Cedore Magazine,case plus
2026-06-02,le-temple-du-sommeil.fr/,https://le-temple-du-sommeil.fr/blogs/blog/comment-obtenir-des-reponses-rapides-et-retrouver-de-la-clarte-grace-a-une-voyance-immediate-par-telephone,Comment obtenir des réponses rapides et retrouver de la clarté grâce à – Le Temple Du Sommeil,rapides retrouver clarté
2026-06-02,matelas-experience.com/,https://www.matelas-experience.com/top-surmatelas-rafraichissant,Top 5 : meilleurs surmatelas rafraîchissant (2026),top
2026-06-02,positivia.fr/,https://positivia.fr/achat-de-vetements-en-ligne-les-pieges-courants-a-eviter-pour-bien-choisir,Achat de vêtements en ligne : les pièges courants à éviter pour bien choisir - Positivia.fr,achat vêtements ligne
2026-06-02,positivia.fr/,https://positivia.fr/tag/achat-de-vetements-en-ligne,Archives des achat de vêtements en ligne - Positivia.fr,archives achat vêtements
2026-06-02,positivia.fr/,https://positivia.fr/tag/choisir-vetements-en-ligne,Archives des choisir vêtements en ligne - Positivia.fr,archives choisir vêtements
2026-06-02,positivia.fr/,https://positivia.fr/tag/conseils-shopping-en-ligne,Archives des conseils shopping en ligne - Positivia.fr,conseils shopping ligne
2026-06-02,positivia.fr/,https://positivia.fr/tag/pieges-achat-vetements,Archives des pièges achat vêtements - Positivia.fr,archives pièges achat
2026-06-02,positivia.fr/,https://positivia.fr/tag/shopping-en-ligne,Archives des shopping en ligne - Positivia.fr,archives shopping ligne
2026-06-03,123-sommeil.com/,https://www.123-sommeil.com/sommeil-performance-sportive,Comment le sommeil optimise les performances sportives - 123 Sommeil,optimise performances sportives
2026-06-03,bienetreetconfort.com/,https://bienetreetconfort.com/besoin-bruit-pour-dormir,Besoin de bruit pour dormir : pourquoi le silence dérange,besoin bruit dormir
2026-06-03,matelas-experience.com/,https://www.matelas-experience.com/comment-utiliser-un-code-promo-carrefour-pour-un-meilleur-budget-matelas-sans-sacrifier-la-qualite,Comment utiliser un code promo Carrefour pour un meilleur budget matelas sans sacrifier la qualité,promo carrefour meilleur
2026-06-03,matelas-experience.com/,https://www.matelas-experience.com/densite-de-mousse-le-chiffre-que-les-vendeurs-preferent-ne-pas-expliquer,Densité de mousse : le chiffre que les vendeurs préfèrent ne pas expliquer,densité mousse
2026-06-03,matelas-experience.com/,https://www.matelas-experience.com/pourquoi-essayer-son-matelas-en-magasin-reste-la-meilleure-decision-pour-bien-dormir,Pourquoi essayer son matelas en magasin reste la meilleure décision pour bien dormir,pourquoi essayer son
2026-06-03,matelas-experience.com/,https://www.matelas-experience.com/produits-services/draps-et-accessoires/couettes/couette-4-saisons,Draps et accessoires : Couettes : Couette 4 saisons - Matelas Experience,draps accessoires
2026-06-03,matelas-experience.com/,https://www.matelas-experience.com/showroom/dewinner/produits-services/matelas-90x190-cm-matelas-en-mousse-a-memoire-de-forme-haute-densitefermete-moyenneepaisseur-16cmhypoallergeniquesommeil-isole7-zonesreversible-a-deux-faces-utilisables-90-x-190-cm-mousse-16-cm,"DEWINNER : Matelas 90x190 cm, Matelas en Mousse à Mémoire de Forme Haute Densité,Fermeté Moyenne,Épaisseur 16cm,Hypoallergénique,Sommeil Isolé,7 Zones,Réversible à Deux Faces Utilisables 90 x 190 cm Mousse 16 Cm - Matelas Experience",dewinner
2026-06-03,matelas-experience.com/,https://www.matelas-experience.com/showroom/inofia/produits-services/matelas-140190cm-ace-hybrid-pro-matelas-30-cm-h2-ferme-avec-mousse-a-memoire-de-forme-respirante-et-ressorts-ensaches-independants-7-zones-ergonomique-confort-extra-pour-adultes-et-enfants-h230cm-300-centimetres-140190cm,"Inofia : Matelas 140×190cm Ace Hybrid Pro Matelas 30 cm H2 Ferme avec Mousse à Mémoire de Forme Respirante et Ressorts Ensachés Indépendants, 7 Zones Ergonomique, Confort Extra pour Adultes et Enfants H2/30cm 30.0 Centimètres 140×190cm - Matelas Experience",inofia
2026-06-03,matelas-experience.com/,https://www.matelas-experience.com/test-matelas-140190cm-ace-hybrid-pro-matelas-30-cm-h2-ferme-avec-mousse-a-memoire-de-forme-respirante-et-ressorts-ensaches-independants-7-zones-ergonomique-confort-extra-pour-adultes-et-enfan,Test Inofia Ace Hybrid Pro 140×190 : un matelas ferme qui fait le job pour le dos,inofia ace hybrid
2026-06-03,matelas-experience.com/,https://www.matelas-experience.com/test-matelas-90x190-cm-matelas-en-mousse-a-memoire-de-forme-haute-densitefermete-moyenneepaisseur-16cmhypoallergeniquesommeil-isole7-zonesreversible-a-deux-faces-utilisables-90-x-190-cm-mouss,Test DEWINNER 90x190 (16 cm) : le matelas mémoire de forme pas cher qui fait le job,test dewinner 90x190
2026-06-03,matelas-experience.com/,https://www.matelas-experience.com/test-micamamellama-matelas-reversible-ergonomique-70-x-190-x-15-cm-matelas-en-mousse-dhaute-densite-confort-et-adaptabilite-housse-en-tissu-antibacterien-avec-traitement-aloe-vera-70-x-190-cm,Test MICAMAMELLAMA Matelas réversible 70x190 : le matelas simple qui fait le job sans prendre de place,matelas réversible 70x190
2026-06-03,matelas-experience.com/,https://www.matelas-experience.com/test-natalia-spzoo-matelas-lit-fauteuil-futon-pliable-pliant-choix-des-couleurs-longueur-200-cm-0001-noir-200-x-70-x-10-cm-0001-noir,Test Natalia Spzoo Matelas lit Fauteuil futon pliable : le matelas d’appoint qui fait aussi fauteuil sans prendre toute la pièce,fauteuil futon pliable
2026-06-03,matelas-experience.com/,https://www.matelas-experience.com/test-siebenschlafer-couette-4-saisons-240-x-260-cm-composee-de-2-elements-separables-adaptable-avec-boutons-ideale-pour-ete-mi-saison-et-hiver-240-x-260-cm-4-saisons-240-x-260-cm-4-saisons,Test Siebenschläfer Couette 4 Saisons 240x260 : la grosse couette modulable qui fait le job toute l’année,couette saisons 240x260
2026-06-03,positivia.fr/,https://positivia.fr/abonnement-premium-positivia-fr,Abonnement premium Positivia.fr,abonnement premium positivia
2026-06-03,positivia.fr/,https://positivia.fr/atelier-en-ligne-positivia-fr,Atelier en ligne Positivia.fr,atelier ligne positivia
2026-06-03,positivia.fr/,https://positivia.fr/blog-positivia-fr,Blog Positivia.fr,blog positivia fr
2026-06-03,positivia.fr/,https://positivia.fr/les-astuces-vestimentaires-pour-booster-votre-confiance-en-vous,Les astuces vestimentaires pour booster votre confiance en vous - Positivia.fr,vestimentaires booster votre
2026-06-03,positivia.fr/,https://positivia.fr/positivia-fr-faq,Positivia.fr FAQ,positivia fr faq
2026-06-03,positivia.fr/,https://positivia.fr/positivia-fr-service-client,Positivia.fr service client,positivia fr service
2026-06-03,positivia.fr/,https://positivia.fr/tag/astuces-vestimentaires,Archives des astuces vestimentaires - Positivia.fr,archives astuces vestimentaires
2026-06-03,positivia.fr/,https://positivia.fr/tag/booster-la-confiance,Archives des booster la confiance - Positivia.fr,archives booster confiance
2026-06-03,positivia.fr/,https://positivia.fr/tag/confiance-en-soi,Archives des confiance en soi - Positivia.fr,archives confiance soi
2026-06-03,positivia.fr/,https://positivia.fr/tag/mode-et-confiance,Archives des mode et confiance - Positivia.fr,archives mode confiance
2026-06-03,positivia.fr/,https://positivia.fr/tag/style-vestimentaire,Archives des style vestimentaire - Positivia.fr,archives style vestimentaire
2026-06-04,www.maubl.com/,https://www.maubl.com/cuve-a-fioul-en-fin-dusage-nettoyage-neutralisation-et-obligations,"Cuve à fioul en fin d'usage : nettoyage, neutralisation et obligations - Maubl",cuve fioul fin
2026-06-05,matelas-experience.com/,https://www.matelas-experience.com/thermoregulation-pourquoi-certains-matelas-donnent-chaud-et-comment-eviter-les-nuits-moites,Thermorégulation : pourquoi certains matelas donnent chaud et comment éviter les nuits moites,thermorégulation
