domain,title,keyword_keybert,url,detected_on
matelas-experience.com/,Labels matelas : lire une étiquette sans se faire berner par les logos,labels matelas,https://www.matelas-experience.com/labels-matelas-lire-une-etiquette-sans-se-faire-berner-par-les-logos,2026-07-06
matelas-experience.com/,Matelas 200x200 cm : l'espace roi pour un sommeil à deux enfin serein,matelas 200x200 cm,https://www.matelas-experience.com/matelas-200x200-cm-lespace-roi-pour-un-sommeil-a-deux-enfin-serein,2026-07-06
matelas-experience.com/,ArtSport : Produits & services - Matelas Experience,artsport,https://www.matelas-experience.com/showroom/artsport/produits-services,2026-07-06
matelas-experience.com/,"ArtSport : Juskys Lit rembourré Paris 140x200 cm - Cadre de lit avec éclairage LED, sommier à Lattes et tête de lit, Simili Cuir, lit pour Adulte et ado - 1 Personne - Noir 140x200cm Noir - Matelas Experience",artsport,https://www.matelas-experience.com/showroom/artsport/produits-services/juskys-lit-rembourre-paris-140x200-cm-cadre-de-lit-avec-eclairage-led-sommier-a-lattes-et-tete-de-lit-simili-cuir-lit-pour-adulte-et-ado-1-personne-noir-140x200cm-noir,2026-07-06
matelas-experience.com/,"ArtSport : Juskys Lit rembourré Paris 180x200 cm - Cadre de lit avec éclairage LED, sommier à Lattes et tête de lit, Simili Cuir, lit pour Adulte et ado - 2 Personnes - Blanc 180x200cm Blanc - Matelas Experience",artsport,https://www.matelas-experience.com/showroom/artsport/produits-services/juskys-lit-rembourre-paris-180x200-cm-cadre-de-lit-avec-eclairage-led-sommier-a-lattes-et-tete-de-lit-simili-cuir-lit-pour-adulte-et-ado-2-personnes-blanc-180x200cm-blanc,2026-07-06
matelas-experience.com/,"ArtSport : Juskys Lit rembourré Verona 90x200 cm avec sommier à Lattes, éclairage LED et tête de lit, Cadre de lit avec revêtement en Similicuir, 1 Personne, Noir Noir 90x200cm - Matelas Experience",artsport,https://www.matelas-experience.com/showroom/artsport/produits-services/juskys-lit-rembourre-verona-90x200-cm-avec-sommier-a-lattes-eclairage-led-et-tete-de-lit-cadre-de-lit-avec-revetement-en-similicuir-1-personne-noir-noir-90x200cm,2026-07-06
matelas-experience.com/,"ArtSport : Juskys Lit cabane Enfant Marli 80x160 cm avec 2 tiroirs, sommier à Lattes, Matelas, barrières de sécurité - Lit Enfant Bois en pin Massif en Forme de Maison - Lit au Sol pour Enfants - Menthe - Matelas Experience",artsport,https://www.matelas-experience.com/showroom/artsport/produits-services/lit-cabane-enfant-marli-80x160-cm-avec-2-tiroirs-sommier-a-lattes-matelas-barrieres-de-securite-lit-enfant-bois-en-pin-massif-en-forme-de-maison-lit-au-sol-pour-enfants-menthe,2026-07-06
matelas-experience.com/,"ArtSport : Juskys Lit cabane Marli 80x160 cm - Lit Enfant Montessori avec Protection antichute, sommier à Lattes et Toit - Lit Maison en Bois Massif - Blanc - Matelas Experience",artsport,https://www.matelas-experience.com/showroom/artsport/produits-services/lit-cabane-marli-80x160-cm-lit-enfant-montessori-avec-protection-antichute-sommier-a-lattes-et-toit-lit-maison-en-bois-massif-blanc,2026-07-06
matelas-experience.com/,"ArtSport : Juskys Lit rembourré Savona 140x200 cm avec Coffre, sommier à Lattes, Housse en Velours, Cadre de lit en Bois, jusqu'à 250 kg, Grande tête de lit, Beige 140 x 200 cm Beige - Matelas Experience",artsport,https://www.matelas-experience.com/showroom/artsport/produits-services/lit-rembourre-savona-140x200-cm-avec-coffre-sommier-a-lattes-housse-en-velours-cadre-de-lit-en-bois-jusqua-250-kg-grande-tete-de-lit-beige-140-x-200-cm-beige,2026-07-06
sommeil-zen.com/,Apnée centrale du sommeil : 7 signes à connaître en 2026 - Sommeil Zen,apnée centrale sommeil,https://sommeil-zen.com/apnee-centrale-du-sommeil,2026-07-06
sommeil-zen.com/,Opération du ronflement : quand faut-il y penser ? - Sommeil Zen,opération ronflement,https://sommeil-zen.com/operation-du-ronflement,2026-07-06
sommeil-zen.com/,VNI apnée du sommeil : 5 clés pour éviter la confusion - Sommeil Zen,vni apnée sommeil,https://sommeil-zen.com/vni-apnee-du-sommeil,2026-07-06
sommeil-zen.com/,Insomnie liée à l'IA : quand le doute casse le sommeil,insomnie liée ia,https://sommeil-zen.com/votre-poste-menace-par-lia-ce-doute-peut-suffire-a-casser-la-nuit,2026-07-06
